feature,coefficient
egg,1.1560663097544148
granuloma,1.095754742009425
foam_cells,0.0013029264669798546
central_material,0.0
terminal_spine,-0.014991792386023812
von_hansemann,-0.017352201409862426
lamination,-0.018726188984394803
inflammation,-0.03693288123350021
ulceration,-0.0730743343396867
calcification,-0.1054892299078102
michaelis_gutmann,-0.12661174172119005
necrosis,-0.12702045154941594
fibrosis,-0.2202550173086791
eosinophil,-0.29257309675838333
cystitis,-0.3644403584282533
